Difficulty,Time,Sum of HR,Hashrates,,,,,,,,,,,,,,
2979636.6169,8.8842,24007985448751.9000,,,3.11215E+12,,,,,8.89185E+11,5.9279E+11,,3.26034E+12,1.23004E+13,,,3.85313E+12
2979636.6169,9.4135,22657940647890.5000,,,3.10991E+12,,,,,1.629E+12,,,2.96182E+12,1.25877E+13,,,2.36946E+12
2979636.6169,8.8570,24081607334667.4000,,,3.7163E+12,,,,,1.48652E+12,1.48652E+11,,2.22978E+12,1.323E+13,,,3.27034E+12
2979636.6169,9.4074,22672633152247.6000,,,3.26012E+12,,,,,1.77825E+12,2.96374E+11,,3.26012E+12,1.1114E+13,,,2.96374E+12
2979636.6169,10.2981,20711637670663.5000,,,2.49715E+12,,,,,1.17513E+12,2.93782E+11,,2.64404E+12,1.16044E+13,,,2.49715E+12
2979636.6169,9.8039,21755681108148.3000,,,2.70071E+12,,,,,1.05027E+12,,,3.15082E+12,1.23032E+13,,,2.55067E+12
2979636.6169,8.6427,24678829017927.4000,,,3.37865E+12,,,,,2.05657E+12,2.93796E+11,,1.61588E+12,1.42491E+13,,,3.08485E+12
3249549.5845,10.8289,20608574247576.8000,,,3.09903E+12,,,,,1.23961E+12,,,2.01437E+12,1.23961E+13,,,1.85942E+12
3249549.5845,11.1194,20919535056362.6000,,,3.21839E+12,,,,,8.04598E+11,1.6092E+11,,2.57471E+12,1.17471E+13,,,2.41379E+12
3249549.5845,9.7444,23871224387861.3000,,,3.24779E+12,,,,,1.13672E+12,1.62389E+11,,4.05973E+12,1.21792E+13,,,3.0854E+12
3249549.5845,12.3407,18849097048158.2000,,,3.06096E+12,,,,,1.44993E+12,1.61103E+11,,1.61103E+12,1.0955E+13,,,1.61103E+12
3249549.5845,11.7475,19800894518519.8000,,,3.40835E+12,,,,,1.78533E+12,,,1.94763E+12,1.02251E+13,,,2.43454E+12
3249549.5845,10.8053,21527640416460.1000,,,3.07538E+12,,,,,1.2949E+12,,,2.58979E+12,1.24634E+13,,,2.10421E+12
3249549.5845,9.2218,25224226630445.4000,,,3.69527E+12,,,,,8.03319E+11,3.21328E+11,,3.37394E+12,1.42991E+13,,,2.73129E+12
3249549.5845,11.9273,19502515385306.4000,,,4.02945E+12,,,,,8.05889E+11,4.83533E+11,,1.93413E+12,9.99302E+12,,,2.25649E+12
3249549.5845,10.8963,21347759987920.9000,,,3.2592E+12,,,,,1.30368E+12,1.6296E+11,,3.09624E+12,9.61464E+12,,,3.91104E+12
3249549.5845,13.0362,17843548453984.9000,,,2.57204E+12,,,,,1.28602E+12,,,2.25054E+12,9.48441E+12,,,2.25054E+12
3249549.5845,11.8972,19551737933225.9000,,,2.42377E+12,,,,,1.61585E+12,,,2.58535E+12,1.03414E+13,,,2.58535E+12
3249549.5845,9.1560,25405529669671.2000,,,3.79433E+12,,,,,1.97965E+12,8.24855E+11,,3.29942E+12,1.33626E+13,,,2.14462E+12
3249549.5845,11.3863,20429128561960.3000,,,2.9858E+12,,,,,1.72862E+12,,,2.51435E+12,1.13146E+13,,,1.88577E+12
3249549.5845,10.9035,21333614495316.9000,,,4.04046E+12,,,,,8.08091E+11,,,1.7778E+12,1.2283E+13,,,2.42427E+12
3249549.5845,10.0041,23251762869934.9000,,,2.58353E+12,,,,,9.68823E+11,1.61471E+11,,3.06794E+12,1.30791E+13,,,3.39088E+12
3249549.5845,11.3509,20099282203375.2000,,,5.10458E+12,,,,,1.91422E+12,3.19036E+11,,2.39277E+12,8.13542E+12,,,2.23325E+12
2968775.3321,9.2728,22918019907454.4000,,,4.2604E+12,,,,,2.64439E+12,1.4691E+11,,1.4691E+12,1.17528E+13,,,2.64439E+12
2968775.3321,10.5225,20196064923746.4000,,,1.769E+12,,,,,1.17933E+12,4.4225E+11,,2.80091E+12,1.17933E+13,,,2.21125E+12
2968775.3321,9.1040,23342960602580.5000,,,4.7883E+12,,,,,7.48172E+11,4.48903E+11,,2.84305E+12,1.21204E+13,,,2.39415E+12
2968775.3321,9.5821,22178101884782.7000,,,3.96562E+12,,,,,1.46875E+12,1.46875E+11,,2.9375E+12,1.11625E+13,,,2.49687E+12
2968775.3321,9.8879,21492318230312.6000,,,1.90068E+12,,,,,1.46206E+12,1.46206E+11,,2.19309E+12,1.38896E+13,,,1.90068E+12
2968775.3321,9.0852,23391060836761.1000,,,4.14525E+12,,,,,1.62849E+12,2.96089E+11,,4.73743E+12,1.11034E+13,,,1.48045E+12
2968775.3321,9.4469,22495431695702.3000,,,3.08761E+12,,,,,8.82174E+11,,,2.20543E+12,1.41148E+13,,,2.20543E+12
2968775.3321,7.4652,28467188466502.6000,,,5.16244E+12,,,,,1.91748E+12,4.42495E+11,,5.01495E+12,1.34224E+13,,,2.50747E+12
2968775.3321,9.7459,21805355636801.1000,,,3.26339E+12,,,,,1.48336E+12,1.48336E+11,,3.11505E+12,1.08285E+13,,,2.96672E+12
2968775.3321,9.4341,22526081899964.1000,,,3.5335E+12,,,,,1.17783E+12,4.41688E+11,,3.09182E+12,1.06005E+13,,,3.68073E+12
2968775.3321,7.7572,27395720118294.0000,,,5.44969E+12,,,,,1.91475E+12,4.41866E+11,,1.91475E+12,1.51707E+13,,,2.50391E+12
2968775.3321,8.7399,24315182910793.7000,,,3.26179E+12,,,,,1.92742E+12,1.48263E+11,,3.70658E+12,1.20093E+13,,,3.26179E+12
3275464.5866,8.6352,25827911584376.7000,,,4.63974E+12,,,,,1.39192E+12,,,3.7118E+12,1.36099E+13,,,2.47453E+12
3275464.5866,9.8704,23754466416027.3000,1.13891E+12,,3.25404E+12,,,,,1.46432E+12,3.25404E+11,,3.25404E+12,1.18772E+13,,,2.44053E+12
3275464.5866,9.2460,25358749486613.4000,4.77535E+12,,5.76335E+12,,,,,1.31734E+12,3.29334E+11,,1.81134E+12,8.06869E+12,,,3.29334E+12
3275464.5866,9.5989,24426442575884.0000,5.33823E+12,,2.42647E+12,,,,,1.61765E+12,1.61765E+11,,4.36764E+12,6.95587E+12,,,3.55882E+12
3275464.5866,10.1415,23119565803506.1000,3.71853E+12,,3.39518E+12,,,,,1.77843E+12,3.23351E+11,,3.07183E+12,7.43706E+12,,,3.39518E+12
3275464.5866,8.9337,26245076915867.7000,5.37943E+12,,4.23834E+12,,,,,1.63013E+12,1.63013E+11,,2.93423E+12,7.00955E+12,,,4.89039E+12
3275464.5866,9.0486,25911845040572.4000,4.07419E+12,,5.86683E+12,,,,,9.77805E+11,1.62968E+11,,2.28155E+12,8.96322E+12,,,3.58529E+12
3275464.5866,10.3029,22757417379050.1000,5.0754E+12,,3.11073E+12,,,,,1.80095E+12,3.27445E+11,,3.76562E+12,7.20379E+12,,,1.4735E+12
3275464.5866,8.4352,27796294073885.7000,3.90123E+12,,6.98971E+12,,,,,1.30041E+12,,,3.73868E+12,9.10288E+12,,,2.76337E+12
3275464.5866,9.5772,24481900276070.1000,5.83674E+12,,5.02609E+12,,,,,2.10771E+12,3.24264E+11,,3.24264E+12,5.67461E+12,,,2.26985E+12
3275464.5866,8.0267,29210787718543.5000,4.73247E+12,,6.20117E+12,,,,,1.30551E+12,1.63189E+11,,3.75334E+12,9.46495E+12,,,3.59015E+12
3275464.5866,7.6146,30791954853415.0000,4.88761E+12,,9.28646E+12,,,,,1.79212E+12,,,3.58425E+12,8.63478E+12,,,2.60673E+12
3275464.5866,7.6120,30802400293013.6000,6.06217E+12,,6.88139E+12,,,,,2.12995E+12,4.91528E+11,,3.76838E+12,8.02829E+12,,,3.44069E+12
3651011.6307,9.0031,28936095807414.3000,4.31346E+12,,7.00936E+12,,,,,1.43782E+12,3.59455E+11,,3.954E+12,7.36882E+12,,,4.49318E+12
3651011.6307,9.0759,28796025970522.6000,5.97653E+12,,5.43321E+12,,,,,1.08664E+12,1.81107E+11,,3.25993E+12,1.0142E+13,,,2.71661E+12
3651011.6307,7.4376,35139135014230.0000,6.00825E+12,,1.05599E+13,,,,,1.27448E+12,,,2.54895E+12,1.09241E+13,,,3.82343E+12
3651011.6307,8.1764,31963815213753.9000,6.35644E+12,,7.44612E+12,,,,,1.08968E+12,1.81613E+11,,2.54258E+12,1.10784E+13,,,3.26903E+12
3651011.6307,8.5092,30713711128583.7000,6.14274E+12,,9.21411E+12,,,,,9.03344E+11,1.80669E+11,,2.16803E+12,7.58809E+12,,,4.51672E+12
3651011.6307,8.7654,29815888215779.8000,5.27232E+12,,9.09021E+12,,,,,5.45413E+11,,,3.27248E+12,6.90856E+12,,,4.72691E+12
3651011.6307,9.2129,28367703616693.1000,3.81873E+12,,9.81959E+12,,,,,1.6366E+12,1.81844E+11,,3.45504E+12,7.27377E+12,,,2.18213E+12
3651011.6307,6.9511,37598070243214.3000,7.18787E+12,,8.478E+12,,,,,1.65874E+12,3.68609E+11,,4.05469E+12,1.10583E+13,,,4.79191E+12
3651011.6307,8.8469,29541416801790.0000,3.38125E+12,,1.04997E+13,,,,,5.33881E+11,3.55921E+11,,2.31348E+12,9.07598E+12,,,3.38125E+12
3651011.6307,7.4594,35036215343489.1000,5.26451E+12,,1.03475E+13,,,,,1.27074E+12,7.26139E+11,,3.08609E+12,9.80288E+12,,,4.53837E+12
3651011.6307,8.5366,30615159880905.2000,4.55583E+12,,8.56496E+12,,,,,1.82233E+12,1.82233E+11,,3.09796E+12,8.56496E+12,,,3.82689E+12
4367876.0008,9.4602,29089369748803.1000,2.87066E+12,,6.12408E+12,,,,,9.56887E+11,5.74132E+11,,4.2103E+12,8.80336E+12,,,5.54995E+12
4367876.0008,9.7198,32167915418356.7000,5.1025E+12,,6.65543E+12,,,,,1.55293E+12,6.65543E+11,,4.21511E+12,9.3176E+12,,,4.6588E+12
4367876.0008,9.1706,34094249975535.0000,3.17648E+12,,1.12236E+13,,,,,1.27059E+12,4.23531E+11,,4.44708E+12,8.25886E+12,,,5.29414E+12
4367876.0008,8.0632,38776652608130.6000,3.46607E+12,,1.21312E+13,,,,,1.08315E+12,4.33259E+11,,4.33259E+12,9.96495E+12,,,7.3654E+12
4367876.0008,10.3361,30249805182505.0000,1.95862E+12,,8.70498E+12,,,,,6.52873E+11,2.17624E+11,,3.91724E+12,9.57548E+12,,,5.22299E+12
4367876.0008,9.3029,33609372832773.8000,4.77036E+12,,8.23972E+12,,,,,1.08417E+12,2.16835E+11,,4.11986E+12,7.37238E+12,,,7.80605E+12
4367876.0008,9.0111,34697556639995.5000,4.33719E+12,,1.04093E+13,,,,,8.67439E+11,2.1686E+11,,4.77091E+12,9.32497E+12,,,4.77091E+12
4367876.0008,8.9359,34989584802192.6000,6.56055E+12,,9.62214E+12,,,,,1.31211E+12,2.18685E+11,,4.15501E+12,7.65397E+12,,,5.46712E+12
4367876.0008,8.5628,36514223610691.3000,3.02485E+12,,8.42636E+12,,,,,1.0803E+12,4.32121E+11,,4.32121E+12,9.07454E+12,,,1.01548E+13
4367876.0008,7.8779,39689000769002.0000,5.42199E+12,,1.01933E+13,,,,,1.51816E+12,6.50639E+11,,5.63887E+12,1.06271E+13,,,5.63887E+12
4367876.0008,8.6890,35983872170321.5000,4.8271E+12,,8.11831E+12,,,,,6.58242E+11,4.38828E+11,,5.04652E+12,8.77655E+12,,,8.11831E+12
4367876.0008,10.7315,29135282345022.4000,3.66889E+12,,1.20857E+13,,,,,1.51072E+12,1.07908E+12,,4.53216E+12,4.31634E+12,,,1.94235E+12
4367876.0008,9.2066,33961002219937.4000,4.32624E+12,,1.3195E+13,,,,,2.59575E+12,2.16312E+12,,3.02837E+12,5.19149E+12,,,3.46099E+12
4847647.1521,7.9996,41747126205399.9000,4.43126E+12,,1.39935E+13,,,,,1.86579E+12,1.86579E+12,,2.09902E+12,1.09615E+13,,,6.53028E+12
4847647.1521,8.4162,41231058530598.5000,5.27374E+12,,1.19858E+13,,,,,2.15744E+12,1.43829E+12,,3.35602E+12,8.39004E+12,,,8.62976E+12
4847647.1521,8.2361,42132599204629.4000,2.64833E+12,,1.4927E+13,,,,,2.40758E+12,7.22273E+11,,3.61137E+12,9.87107E+12,,,7.945E+12
4847647.1521,6.8742,50479467883483.2000,6.03821E+12,,1.76316E+13,,,,,1.20764E+12,1.44917E+12,,4.83057E+12,1.11103E+13,,,8.21197E+12
4847647.1521,7.5987,45666866797427.8000,4.32633E+12,,1.44211E+13,,,,,2.16317E+12,7.21056E+11,,3.84563E+12,1.10562E+13,,,9.13337E+12
4847647.1521,8.4387,41120913351307.6000,2.66076E+12,,1.59646E+13,,,,,1.20944E+12,2.41888E+11,,4.83775E+12,7.98229E+12,,,8.22418E+12
4847647.1521,6.8224,50863397922002.1000,3.85694E+12,,1.88026E+13,,,,,1.44635E+12,2.41059E+11,,5.06223E+12,1.2294E+13,,,9.16023E+12
4847647.1521,6.5336,53111620119424.9000,6.82168E+12,,1.94905E+13,,,,,9.74525E+11,2.43631E+11,,4.87263E+12,1.31561E+13,,,7.55257E+12
4847647.1521,6.3501,54645692193479.6000,5.72706E+12,,2.02833E+13,,,,,9.5451E+11,9.5451E+11,,5.96569E+12,1.14541E+13,,,9.30647E+12
4847647.1521,6.6732,52000293005757.7000,5.03229E+12,,1.98895E+13,,,,,2.15669E+12,1.91706E+12,,3.83412E+12,1.07835E+13,,,8.38714E+12
6695826.2826,7.5772,52725190800755.5000,5.30042E+12,,1.92489E+13,,,,,1.39485E+12,2.78969E+11,,6.13732E+12,9.76392E+12,,,1.06008E+13
6695826.2826,10.0319,47777967443081.4000,3.31791E+12,,1.75849E+13,,,,,2.32254E+12,6.63583E+11,,4.64508E+12,1.02855E+13,,,8.95837E+12
6695826.2826,9.5561,50157217658304.2000,6.64334E+12,,1.82692E+13,,,,,1.66084E+12,1.66084E+12,,5.97901E+12,9.96501E+12,,,5.97901E+12
6695826.2826,10.9323,43843037104921.6000,4.01616E+12,,1.6734E+13,,,,,1.33872E+12,1.6734E+12,,6.35891E+12,8.70167E+12,,,5.0202E+12
6695826.2826,7.8903,60745867160660.8000,9.29445E+12,,2.02486E+13,,,,,2.9875E+12,6.63889E+11,,4.31528E+12,1.12861E+13,,,1.195E+13
6695826.2826,8.2782,57900048056095.2000,2.66207E+12,,2.06311E+13,,,,,1.99655E+12,1.33104E+12,,6.65518E+12,1.23121E+13,,,1.23121E+13
6695826.2826,8.2656,57987987905131.0000,6.03343E+12,,2.07818E+13,,,,,3.01672E+12,1.34076E+12,,6.70381E+12,1.20669E+13,,,8.04458E+12
6695826.2826,8.5870,55817736800380.5000,3.96339E+12,,1.88261E+13,,,,,2.97254E+12,1.98169E+12,,5.94508E+12,1.18902E+13,,,1.02388E+13
6695826.2826,7.1552,66986897921071.2000,8.79626E+12,,2.30056E+13,,,,,3.04486E+12,6.76635E+11,,8.45794E+12,1.3871E+13,,,9.13458E+12
6695826.2826,8.0704,59390293086018.8000,4.59372E+12,,2.03436E+13,,,,,3.93748E+12,2.29686E+12,,8.20308E+12,1.11562E+13,,,8.85933E+12
6695826.2826,8.2574,58045420667144.4000,4.97532E+12,,2.18914E+13,,,,,1.99013E+12,1.32675E+12,,7.29714E+12,1.0614E+13,,,9.95064E+12
6695826.2826,9.3292,51376843404225.0000,4.00339E+12,,2.46876E+13,,,,,3.33616E+12,3.33616E+11,,4.00339E+12,8.00678E+12,,,7.00593E+12
7672999.9202,9.1051,55072831404816.9000,5.22843E+12,,2.02166E+13,,,,,2.43994E+12,1.04569E+12,,6.97124E+12,9.41118E+12,,,9.75974E+12
7672999.9202,8.7786,62567249970862.9000,6.14157E+12,,2.5334E+13,,,,,2.30309E+12,7.67696E+11,,9.21236E+12,1.34347E+13,,,5.37387E+12
7672999.9202,8.8669,61944602062667.6000,6.42109E+12,,2.53066E+13,,,,,6.04338E+12,1.13313E+12,,7.55422E+12,7.55422E+12,,,7.93193E+12
7672999.9202,9.2169,59592250971148.2000,6.15146E+12,,2.53748E+13,,,,,3.84466E+12,3.84466E+11,,6.53592E+12,8.84272E+12,,,8.45825E+12
7672999.9202,8.1723,67208921606020.1000,7.25551E+12,,2.25303E+13,,,,,6.87364E+12,7.63738E+11,,9.16485E+12,1.22198E+13,,,8.40112E+12
7672999.9202,7.4544,73682315782940.6000,1.23447E+13,,2.43036E+13,,,,,6.17234E+12,7.71543E+11,,1.00301E+13,1.23447E+13,,,7.71543E+12
7672999.9202,9.1750,59864275602753.0000,1.2347E+13,,2.09525E+13,,,,,2.24491E+12,7.48303E+11,,5.98643E+12,1.01021E+13,,,7.48303E+12
7672999.9202,8.2691,66422752128453.9000,6.14314E+12,,2.45726E+13,,,,,6.91104E+12,1.15184E+12,,8.44682E+12,9.98261E+12,,,9.21472E+12
7672999.9202,8.6089,63800934154782.5000,8.40491E+12,,2.52147E+13,,,,,3.82042E+12,1.91021E+12,,8.78696E+12,6.87675E+12,,,8.78696E+12
7672999.9202,9.3939,58469298309931.8000,6.49659E+12,,1.87255E+13,,,,,4.96798E+12,1.14646E+12,,8.7895E+12,8.0252E+12,,,1.03181E+13
7672999.9202,8.8498,62064106588821.4000,9.08255E+12,,2.15711E+13,,,,,4.91972E+12,7.56879E+11,,7.94723E+12,1.05963E+13,,,7.19035E+12
7672999.9202,8.1363,67507091072700.7000,8.39071E+12,,2.78419E+13,,,,,6.48373E+12,1.14419E+12,,8.00932E+12,8.39071E+12,,,7.24652E+12
8974296.0149,8.4047,68462133269865.0000,1.12102E+13,,2.40218E+13,,,,,5.20472E+12,2.40218E+12,,2.40218E+12,1.00091E+13,,,1.3212E+13
8974296.0149,9.6205,66774460061745.1000,9.08496E+12,,2.49836E+13,,,,,6.35947E+12,2.72549E+12,,8.17646E+12,8.17646E+12,,,7.26797E+12
8974296.0149,10.7513,59751178835131.6000,8.7228E+12,,2.61684E+13,,,,,3.92526E+12,8.7228E+11,,7.41438E+12,6.5421E+12,,,6.10596E+12
8974296.0149,9.3337,68826726978876.2000,9.38546E+12,,2.68156E+13,,,,,5.36312E+12,,,7.59776E+12,1.47486E+13,,,4.91619E+12
8974296.0149,8.1929,78410002524216.9000,1.38109E+13,,2.67307E+13,,,,,8.91023E+12,3.11858E+12,,6.68267E+12,1.15833E+13,,,7.57369E+12
8974296.0149,9.3117,68989355610611.1000,9.46913E+12,,2.38983E+13,,,,,4.50911E+12,2.25455E+12,,1.08219E+13,1.30764E+13,,,4.96002E+12
8974296.0149,8.4950,75621204312497.3000,1.26035E+13,,2.65574E+13,,,,,4.95139E+12,1.8005E+12,,9.90278E+12,1.0803E+13,,,9.00252E+12
8974296.0149,9.0597,70908220281032.8000,1.26934E+13,,2.93262E+13,,,,,4.37705E+12,1.75082E+12,,7.00328E+12,7.44099E+12,,,8.3164E+12
8974296.0149,8.3269,77147822245367.5000,1.3456E+13,,2.82576E+13,,,,,7.62508E+12,2.24267E+12,,5.38241E+12,1.16619E+13,,,8.52214E+12
8974296.0149,8.4733,75815273867498.4000,1.41877E+13,,2.83753E+13,,,,,5.32037E+12,3.54691E+12,,7.53719E+12,8.86728E+12,,,7.98056E+12
8974296.0149,9.6734,66409747648463.5000,1.03906E+13,,2.93649E+13,,,,,3.61414E+12,1.3553E+12,,6.32474E+12,6.7765E+12,,,8.58357E+12
8974296.0149,8.1205,79108795179455.5000,8.93885E+12,,3.21798E+13,,,,,4.02248E+12,3.1286E+12,,1.02797E+13,1.02797E+13,,,1.02797E+13
8974296.0149,8.2106,78240641778491.9000,1.07918E+13,,2.96775E+13,,,,,6.29522E+12,8.99318E+11,,6.29522E+12,1.34898E+13,,,1.07918E+13
10076292.8834,9.8757,71428305861000.9000,6.71138E+12,,2.92425E+13,,,,,2.87631E+12,1.43815E+12,,8.14954E+12,1.2464E+13,,,1.05465E+13
10076292.8834,9.5371,75629928573008.2000,1.4525E+13,,2.80482E+13,,,,,6.51119E+12,1.00172E+12,,9.51635E+12,7.51291E+12,,,8.51463E+12
10076292.8834,10.6779,67549967215992.2000,1.05862E+13,,3.42791E+13,,,,,5.04104E+12,5.04104E+11,,5.54515E+12,8.56977E+12,,,3.02463E+12
10076292.8834,10.1667,70946472785575.4000,1.45E+13,,2.74464E+13,,,,,3.625E+12,2.07143E+12,,5.17857E+12,1.24286E+13,,,5.69643E+12
10076292.8834,9.2070,78341189679204.9000,1.37959E+13,,3.35044E+13,,,,,4.92712E+12,4.92712E+11,,1.23178E+13,1.08397E+13,,,2.46356E+12
10076292.8834,8.8487,81513692448439.2000,7.90436E+12,,3.70517E+13,,,,,9.88045E+12,9.88045E+11,4.94022E+11,8.8924E+12,9.88045E+12,,,6.42229E+12
10076292.8834,8.7161,82753995234153.9000,1.2463E+13,,3.34007E+13,,,,,5.4837E+12,9.97036E+11,,1.2463E+13,7.97629E+12,,,9.97036E+12
10076292.8834,8.5033,84824875235562.5000,1.41375E+13,,3.13044E+13,,,,,1.00982E+13,2.01964E+12,,1.51473E+13,8.58347E+12,,,3.53437E+12
10076292.8834,8.7396,82531176878345.0000,1.65062E+13,,2.85108E+13,,,,,9.0034E+12,,,8.50321E+12,1.10042E+13,,,9.0034E+12
10076292.8834,8.8429,81567163186027.1000,1.69103E+13,,3.18311E+13,,,,,1.2434E+13,,,1.04446E+13,6.96305E+12,,,2.98416E+12
10076292.8834,8.3845,86026533892642.6000,1.85057E+13,,3.70114E+13,,,,,1.05032E+13,,,7.50231E+12,8.00247E+12,,,4.50139E+12
10076292.8834,7.8682,91671156162691.2000,1.20885E+13,,3.57618E+13,,,,,1.41033E+13,5.03688E+11,5.03688E+11,9.57007E+12,1.15848E+13,,,7.55532E+12
11187257.4614,8.5704,86038053629599.8000,1.69003E+13,,3.27764E+13,,,,,1.02426E+13,1.53639E+12,1.02426E+12,7.16984E+12,9.73049E+12,,,6.65771E+12
11187257.4614,8.3192,96261565163207.5000,1.54904E+13,,3.04275E+13,,,,,1.54904E+13,3.31936E+12,,7.19196E+12,1.49371E+13,,,9.40487E+12
11187257.4614,9.3637,85522952335102.2000,1.33283E+13,,3.16546E+13,,,,,9.99619E+12,5.55344E+11,5.55344E+11,9.44085E+12,1.16622E+13,,,8.33016E+12
11187257.4614,10.2238,78328831176108.9000,1.33326E+13,,3.22204E+13,,,,,1.05549E+13,1.11105E+12,,7.77733E+12,9.99943E+12,,,3.33314E+12
11187257.4614,9.7209,82380365716903.2000,1.28024E+13,,3.17276E+13,,,,,1.00192E+13,1.66987E+12,5.56624E+11,5.56624E+12,1.11325E+13,,,8.90599E+12
11187257.4614,8.9216,89761016598223.6000,8.92035E+12,,3.28938E+13,,,,,1.33805E+13,1.67257E+12,,1.00354E+13,1.50531E+13,,,7.80531E+12
11187257.4614,9.6639,82866911677099.3000,1.33477E+13,,4.11554E+13,,,,,5.56154E+12,2.78077E+12,,6.11769E+12,1.05669E+13,,,3.33692E+12
11187257.4614,9.2525,86551611016273.4000,1.8309E+13,,3.43987E+13,,,,,8.87709E+12,1.10964E+12,,9.43191E+12,9.43191E+12,,,4.99336E+12
11187257.4614,11.1442,71859450192142.8000,1.0584E+13,,2.89666E+13,,,,,7.7987E+12,5.5705E+11,,7.7987E+12,4.4564E+12,,,1.16981E+13
11187257.4614,9.5004,84292407047423.7000,1.67468E+13,,2.17709E+13,,,,,8.93165E+12,2.79114E+12,1.67468E+12,5.58228E+12,8.93165E+12,,,1.78633E+13
11187257.4614,9.2369,86697770785966.8000,1.66726E+13,,1.88957E+13,,,,,1.05593E+13,2.77877E+12,3.33453E+12,1.00036E+13,1.00036E+13,,,1.44496E+13
11187257.4614,8.3227,96220574037621.5000,1.43778E+13,,3.20735E+13,,,,,1.05068E+13,2.21197E+12,5.52992E+11,1.43778E+13,8.29488E+12,,,1.38248E+13
11187257.4614,8.4876,94351470218819.9000,1.78654E+13,,3.12644E+13,,,,,8.93268E+12,3.90805E+12,5.58293E+11,7.25781E+12,1.06076E+13,,,1.39573E+13
12153411.7098,8.7507,93669791228312.6000,1.36247E+13,,3.1791E+13,,,,,5.10926E+12,4.54157E+12,5.67696E+11,1.41924E+13,1.07862E+13,,,1.3057E+13
12153411.7098,8.8346,98474068308773.6000,1.3291E+13,,2.96026E+13,,,,,1.51034E+13,4.22895E+12,,7.85376E+12,1.20827E+13,,,1.63117E+13
12153411.7098,8.1360,106929291700995.0000,1.64039E+13,,3.64532E+13,,,,,9.11329E+12,4.25287E+12,1.82266E+12,1.27586E+13,1.0936E+13,,,1.51888E+13
12153411.7098,9.1281,95307785620370.1000,1.93028E+13,,2.5335E+13,,,,,4.2225E+12,1.20643E+12,6.03214E+11,7.84178E+12,1.99061E+13,,,1.689E+13
12153411.7098,8.6141,100994460199887.0000,1.80347E+13,,2.52486E+13,,,,,4.80926E+12,3.00579E+12,1.20232E+12,7.81505E+12,1.32255E+13,,,2.76532E+13
12153411.7098,7.9526,109394955488961.0000,2.50569E+13,,2.75015E+13,,,,,6.11145E+12,1.83344E+12,,7.33374E+12,2.32235E+13,,,1.83344E+13
12153411.7098,8.3031,104776602318736.0000,1.91592E+13,,2.27515E+13,,,,,7.18468E+12,4.78979E+12,2.39489E+12,8.38213E+12,1.49681E+13,,,2.51464E+13
12153411.7098,6.7750,128410349965700.0000,2.04974E+13,,2.71289E+13,,,,,6.63152E+12,4.22006E+12,4.22006E+12,1.08516E+13,2.59232E+13,,,2.89375E+13
12153411.7098,7.2389,120181213668940.0000,1.75138E+13,,3.14041E+13,,,,,1.26824E+13,4.83141E+12,2.4157E+12,1.32864E+13,1.57021E+13,,,2.23453E+13
12153411.7098,6.7313,129243272283149.0000,2.54846E+13,,3.15523E+13,,,,,7.88809E+12,6.06776E+11,1.82033E+12,1.39558E+13,1.94168E+13,,,2.85185E+13
12153411.7098,6.7876,128170540905981.0000,2.40696E+13,,2.88835E+13,,,,,4.81392E+12,5.41566E+12,5.41566E+12,1.384E+13,1.74504E+13,,,2.82818E+13
15605632.6813,7.7813,123884564575155.0000,1.48123E+13,,3.36643E+13,,,,,6.05957E+12,3.36643E+12,5.38629E+12,1.75054E+13,1.61589E+13,,,2.69314E+13
15605632.6813,7.9742,140088319190665.0000,3.17327E+13,,3.01848E+13,,,,,8.51365E+12,4.64381E+12,2.32191E+12,1.62533E+13,1.93492E+13,,,2.70889E+13
15605632.6813,8.9446,124890166100589.0000,2.55986E+13,,4.34401E+13,,,,,3.87858E+12,2.32715E+12,,1.16357E+13,1.00843E+13,,,2.79258E+13
15605632.6813,7.9731,140107733657223.0000,2.94149E+13,,4.1026E+13,,,,,8.51483E+12,3.87038E+12,2.32223E+12,1.54815E+13,1.62556E+13,,,2.32223E+13
15605632.6813,8.9140,125318478809059.0000,2.52213E+13,,3.23148E+13,,,,,7.0935E+12,2.3645E+12,3.94083E+12,1.18225E+13,1.33988E+13,,,2.91622E+13
15605632.6813,8.4183,132698449917679.0000,2.51669E+13,,2.66922E+13,,,,,4.57581E+12,2.2879E+12,4.57581E+12,1.22022E+13,1.22022E+13,,,4.49955E+13
15605632.6813,8.0015,139610983613128.0000,3.10247E+13,,3.72296E+13,,,,,9.3074E+12,1.55123E+12,3.87808E+12,1.08586E+13,1.47367E+13,,,3.10247E+13
15605632.6813,7.0607,158213623947963.0000,2.64988E+13,,4.05276E+13,,,,,1.247E+13,1.55875E+12,3.89689E+12,1.32494E+13,1.79257E+13,,,4.20864E+13
15605632.6813,7.7579,143994742912855.0000,2.09025E+13,,2.63216E+13,,,,,1.08383E+13,3.09666E+12,6.19332E+12,1.78058E+13,1.62575E+13,,,4.25791E+13
15605632.6813,8.0081,139494759503192.0000,2.94489E+13,,2.86739E+13,,,,,9.29965E+12,6.19977E+12,3.09988E+12,1.47244E+13,8.52468E+12,,,3.95235E+13
15605632.6813,8.3207,134254686124831.0000,2.79374E+13,,3.02655E+13,,,,,3.88019E+12,2.32812E+12,3.88019E+12,1.24166E+13,1.47447E+13,,,3.88019E+13
19339258.2724,7.7846,146655554012516.0000,3.17093E+13,,3.88439E+13,,,,,5.54913E+12,2.3782E+12,6.34186E+12,9.51279E+12,1.26837E+13,,,3.96366E+13
19339258.2724,9.9198,139555454824636.0000,2.50237E+13,,4.23479E+13,,,,,3.84981E+12,3.84981E+12,3.84981E+12,1.44368E+13,1.25119E+13,,,3.36858E+13
19339258.2724,10.3137,134225283698641.0000,3.25976E+13,,3.54738E+13,,,,,4.79376E+12,4.79376E+12,5.75251E+12,1.34225E+13,1.05463E+13,,,2.68451E+13
19339258.2724,10.5641,131043716877563.0000,2.79431E+13,,3.56516E+13,,,,,1.92711E+12,4.81778E+12,1.92711E+12,1.34898E+13,9.63557E+12,,,3.56516E+13
19339258.2724,9.3765,147640995378004.0000,2.49264E+13,,3.83483E+13,,,,,9.58708E+11,3.83483E+12,3.83483E+12,1.72567E+13,9.58708E+12,,,4.88941E+13
19339258.2724,8.5173,162535571363921.0000,2.70893E+13,,3.57965E+13,,,,,2.90242E+12,4.83737E+12,7.73979E+12,1.64471E+13,1.93495E+13,,,4.83737E+13
19339258.2724,8.1606,169639119921422.0000,2.98796E+13,,4.33736E+13,,,,,5.78315E+12,6.74701E+12,1.15663E+13,1.63856E+13,1.06024E+13,,,4.53014E+13
19339258.2724,8.7764,157737086509354.0000,2.00756E+13,,3.25034E+13,,,,,1.91196E+12,7.64786E+12,4.77991E+12,2.19876E+13,1.91196E+13,,,4.97111E+13
19339258.2724,9.6269,143801185006345.0000,2.87602E+13,,2.78016E+13,,,,,3.8347E+12,6.71072E+12,6.71072E+12,1.82148E+13,1.43801E+13,,,3.73883E+13
19339258.2724,9.1615,151106622680865.0000,3.36862E+13,,2.40616E+13,,,,,2.88739E+12,6.73724E+12,5.77478E+12,2.02117E+13,1.53994E+13,,,4.23484E+13
19339258.2724,8.2636,167524780168895.0000,3.46603E+13,,3.36975E+13,,,,,4.81393E+12,3.85114E+12,6.7395E+12,1.92557E+13,1.73301E+13,,,4.71765E+13
19339258.2724,8.6394,160237359063723.0000,2.30281E+13,,3.55017E+13,,,,,1.91901E+12,2.87852E+12,2.87852E+12,1.24736E+13,2.59066E+13,,,5.56513E+13
19339258.2724,8.4945,162971537670222.0000,2.21796E+13,,3.37515E+13,,,,,5.78597E+12,3.85731E+12,2.89299E+12,1.73579E+13,2.12152E+13,,,5.59311E+13
21335329.1140,8.5563,168809460629004.0000,2.39729E+13,,2.49718E+13,,,,,8.98985E+12,4.99436E+12,1.99775E+12,2.79684E+13,1.89786E+13,,,5.69357E+13
21335329.1140,9.3729,162942769795044.0000,2.55597E+13,,3.40795E+13,,,,,5.32493E+12,3.19496E+12,2.12997E+12,2.12997E+13,1.81048E+13,,,5.32493E+13
21335329.1140,9.2110,165805630009344.0000,2.429E+13,,3.48509E+13,,,,,7.39261E+12,4.22435E+12,3.16826E+12,2.429E+13,1.68974E+13,,,5.06922E+13
21335329.1140,9.3098,164046671598274.0000,3.00216E+13,,3.64548E+13,,,,,5.361E+12,3.2166E+12,1.28664E+13,1.71552E+13,2.57328E+13,,,3.32382E+13
21335329.1140,7.9068,193155714862787.0000,2.51942E+13,,4.61894E+13,,,,,6.29856E+12,1.15474E+13,6.29856E+12,1.36469E+13,2.83435E+13,,,5.56372E+13
21335329.1140,8.6819,175910684355067.0000,3.09176E+13,,2.87854E+13,,,,,7.46288E+12,9.59513E+12,6.39675E+12,2.13225E+13,2.34548E+13,,,4.79756E+13
21335329.1140,7.7696,196565807328829.0000,3.38178E+13,,5.38971E+13,,,,,8.45444E+12,1.05681E+13,2.11361E+12,1.47953E+13,3.06474E+13,,,4.22722E+13
21335329.1140,7.7070,198164251185001.0000,3.70896E+13,,3.70896E+13,,,,,6.35821E+12,9.53732E+12,8.47762E+12,2.01343E+13,2.8612E+13,,,5.08657E+13
21335329.1140,7.6728,199045003301165.0000,4.06651E+13,,4.06651E+13,,,,,7.49094E+12,8.56108E+12,4.28054E+12,2.14027E+13,2.14027E+13,,,5.45769E+13
21335329.1140,7.5722,201690111798871.0000,2.83627E+13,,4.93721E+13,,,,,7.35329E+12,3.15141E+12,4.20188E+12,3.04636E+13,3.78169E+13,,,4.09683E+13
21335329.1140,7.7863,196144652738481.0000,3.18072E+13,,4.98313E+13,,,,,2.12048E+12,1.16627E+13,2.12048E+12,1.69639E+13,2.33253E+13,,,5.83133E+13
21335329.1140,7.3219,208586083800119.0000,4.17172E+13,,4.59959E+13,,,,,7.48771E+12,8.55738E+12,5.34836E+12,2.03238E+13,2.24631E+13,,,5.66926E+13
26162875.6826,8.3026,225091252723861.0000,4.39833E+13,,4.39833E+13,,,,,6.46814E+12,5.17451E+12,9.0554E+12,9.0554E+12,2.97534E+13,,,7.76177E+13
26162875.6826,9.1354,205006208854255.0000,4.52611E+13,,4.79235E+13,,,,,6.65605E+12,3.99363E+12,5.32484E+12,9.31846E+12,3.46114E+13,,,5.19172E+13
26162875.6826,9.3946,199350093018683.0000,2.92042E+13,,5.07898E+13,,,,,6.34873E+12,5.07898E+12,3.80924E+12,1.39672E+13,2.79344E+13,,,6.22175E+13
26162875.6826,8.3911,223190627895788.0000,3.63334E+13,,4.80119E+13,,,,,7.78572E+12,9.08334E+12,5.19048E+12,1.81667E+13,3.11429E+13,,,6.74762E+13
26162875.6826,8.7739,213453014998043.0000,5.33633E+13,,4.81571E+13,,,,,6.50771E+12,1.30154E+13,6.50771E+12,9.1108E+12,2.34278E+13,,,5.33633E+13
26162875.6826,8.8041,212721235223198.0000,4.15066E+13,,5.83686E+13,,,,,3.89124E+12,5.18832E+12,1.29708E+12,1.6862E+13,2.33475E+13,,,6.22599E+13
26162875.6826,7.7638,241224565502789.0000,4.71961E+13,,4.98181E+13,,,,,7.86602E+12,9.17702E+12,,3.14641E+13,3.93301E+13,,,5.63731E+13
26162875.6826,8.9871,208389793970837.0000,3.62417E+13,,5.17739E+13,,,,,7.76608E+12,5.17739E+12,,2.977E+13,2.977E+13,,,4.78908E+13
26162875.6826,8.3602,224014257109654.0000,4.71609E+13,,4.71609E+13,,,,,5.2401E+12,5.2401E+12,,2.22704E+13,4.45408E+13,,,5.2401E+13
26162875.6826,7.7803,240712412461728.0000,5.56486E+13,,4.91778E+13,,,,,5.17661E+12,1.29415E+13,,1.6824E+13,3.23538E+13,,,6.85901E+13
26162875.6826,7.2587,258008865797047.0000,5.70472E+13,,5.57507E+13,,,,,3.88958E+12,1.03722E+13,1.29653E+12,2.72271E+13,2.59305E+13,,,7.64951E+13
31256960.7278,8.7207,223117384507600.0000,4.1919E+13,,4.59757E+13,,,,,6.76113E+12,5.40891E+12,,3.24534E+13,1.62267E+13,,,7.43725E+13
31256960.7278,10.2201,218927563528897.0000,3.41589E+13,,6.21071E+13,,,,,9.31607E+12,7.76339E+12,,2.63955E+13,2.17375E+13,,,5.74491E+13
31256960.7278,9.0549,247098678361753.0000,5.28387E+13,,4.66224E+13,,,,,6.21632E+12,1.8649E+13,6.21632E+12,1.8649E+13,3.72979E+13,,,6.06091E+13
31256960.7278,9.8881,226277454610091.0000,3.87461E+13,,4.33957E+13,,,,,7.74923E+12,9.29907E+12,6.19938E+12,3.56464E+13,2.47975E+13,,,6.0444E+13
31256960.7278,8.0282,278701853894354.0000,4.75832E+13,,7.30743E+13,,,,,1.01964E+13,1.6994E+13,1.6994E+12,2.5491E+13,3.73868E+13,,,6.62767E+13
31256960.7278,8.6250,259414313978738.0000,5.0163E+13,,7.59611E+13,,,,,4.29968E+12,1.14658E+13,2.86646E+12,2.00652E+13,2.86646E+13,,,6.59285E+13
31256960.7278,8.5005,263215275117988.0000,4.85695E+13,,5.48365E+13,,,,,1.41008E+13,9.40055E+12,9.40055E+12,1.88011E+13,3.44687E+13,,,7.36376E+13
31256960.7278,8.1682,273924493207690.0000,5.07838E+13,,7.69451E+13,,,,,1.07723E+13,1.23112E+13,3.0778E+12,2.30835E+13,3.23169E+13,,,6.46339E+13
31256960.7278,7.2488,308665654548037.0000,5.95396E+13,,8.3042E+13,,,,,1.41015E+13,1.72351E+13,1.09678E+13,2.19356E+13,3.76039E+13,,,6.42401E+13
31256960.7278,7.5258,297305739080163.0000,5.94611E+13,,7.35441E+13,,,,,7.82384E+12,6.25907E+12,7.82384E+12,3.91192E+13,5.00725E+13,,,5.32021E+13
31256960.7278,8.2508,271182560119694.0000,4.59631E+13,,6.58805E+13,,,,,6.12842E+12,1.37889E+13,1.22568E+13,2.14495E+13,4.59631E+13,,,5.97521E+13
31256960.7278,7.4337,300989581797839.0000,5.80032E+13,,7.99504E+13,,,,,1.56765E+13,3.13531E+12,9.40592E+12,1.72442E+13,4.38943E+13,,,7.36797E+13
37392766.1365,8.4851,288052211280237.0000,5.42216E+13,,6.7777E+13,,,,,8.47212E+12,1.01665E+13,6.7777E+12,3.04996E+13,4.06662E+13,,,6.94714E+13
37392766.1365,7.9957,334764034186146.0000,6.17163E+13,,7.48076E+13,,,,,1.68317E+13,1.12211E+13,1.12211E+13,1.49615E+13,3.9274E+13,,3.74038E+12,1.0099E+14
37392766.1365,7.7304,346252509591646.0000,4.58006E+13,,1.09921E+14,,,,,1.64882E+13,1.64882E+13,7.3281E+12,3.11444E+13,3.48085E+13,,5.49607E+12,7.8777E+13
37392766.1365,7.5700,353590285475858.0000,6.1413E+13,,8.74671E+13,,,,,1.6749E+13,1.4888E+13,5.583E+12,3.3498E+13,4.8386E+13,,3.722E+12,8.18841E+13
37392766.1365,7.7021,347527562391287.0000,5.79213E+13,,1.065E+14,,,,,1.49474E+13,1.3079E+13,7.47371E+12,1.86843E+13,5.79213E+13,,,7.10003E+13
37392766.1365,7.0670,378757823741920.0000,7.02088E+13,,9.79228E+13,,,,,1.66284E+13,1.10856E+13,1.47808E+13,2.7714E+13,5.5428E+13,,7.3904E+12,7.75992E+13
37392766.1365,7.3227,365529879946674.0000,5.99844E+13,,8.62276E+13,,,,,1.31216E+13,1.68706E+13,5.62354E+12,3.37412E+13,4.12393E+13,,7.49805E+12,1.01224E+14
37392766.1365,6.8758,389290109185182.0000,5.19053E+13,,1.20495E+14,,,,,1.11226E+13,1.48301E+13,9.26881E+12,2.96602E+13,4.44903E+13,,1.29763E+13,9.45419E+13
37392766.1365,6.7000,399504247918246.0000,3.88407E+13,,1.18372E+14,,,,,1.84956E+13,1.6646E+13,1.84956E+13,4.06902E+13,5.36371E+13,,1.29469E+13,8.13805E+13
37392766.1365,6.5868,406369740001606.0000,7.1491E+13,,1.18525E+14,,,,,9.40671E+12,2.82201E+13,9.40671E+12,3.01015E+13,3.38641E+13,,1.69321E+13,8.8423E+13
50810339.0483,7.9232,359686595150797.0000,6.2896E+13,,9.63095E+13,,,,,3.931E+12,9.8275E+12,7.862E+12,2.7517E+13,4.3241E+13,,1.37585E+13,9.4344E+13
50810339.0483,8.5857,423627623842801.0000,9.07773E+13,,1.00864E+14,,,,,1.51296E+13,1.00864E+13,2.26943E+13,3.78239E+13,4.03455E+13,,1.76512E+13,8.82558E+13
50810339.0483,8.5069,427554299491453.0000,7.54508E+13,,1.13176E+14,,,,,1.00601E+13,7.54508E+12,1.00601E+13,4.52705E+13,4.27554E+13,,2.76653E+13,9.5571E+13
50810339.0483,8.5331,426237927289178.0000,8.11882E+13,,1.01485E+14,,,,,2.0297E+13,2.0297E+13,1.01485E+13,3.8057E+13,4.82055E+13,,4.31312E+13,6.34283E+13
50810339.0483,7.4909,485543368039414.0000,8.94422E+13,,1.27775E+14,,,,,2.29994E+13,2.55549E+12,1.53329E+13,3.57769E+13,5.36653E+13,,4.34434E+13,9.45532E+13
50810339.0483,7.5276,483176138541422.0000,6.2265E+13,,1.36983E+14,,,,,2.4906E+13,2.73966E+13,1.74342E+13,2.73966E+13,5.23026E+13,,5.47932E+13,7.96992E+13
50810339.0483,8.0811,450082005318635.0000,5.33996E+13,,1.3477E+14,,,,,2.54284E+13,7.62851E+12,1.77999E+13,3.0514E+13,4.06854E+13,,5.08567E+13,8.89993E+13
50810339.0483,7.6030,478384076621522.0000,7.55343E+13,,1.33444E+14,,,,,2.01425E+13,1.25891E+13,1.00712E+13,4.53206E+13,5.03562E+13,,4.78384E+13,8.30878E+13
50810339.0483,7.3157,497167760326386.0000,8.37068E+13,,9.13165E+13,,,,,1.26829E+13,2.53657E+13,1.26829E+13,5.07314E+13,6.34143E+13,,5.3268E+13,1.03999E+14
50810339.0483,6.7253,540814694979123.0000,8.26245E+13,,1.37707E+14,,,,,7.51132E+12,2.50377E+13,1.75264E+13,3.50528E+13,7.51132E+13,,5.00754E+13,1.10166E+14
50810339.0483,7.3406,495486057621314.0000,7.58397E+13,,1.16288E+14,,,,,1.76959E+13,1.264E+13,2.52799E+13,2.78079E+13,6.31998E+13,,6.57277E+13,9.10076E+13
65750060.1491,7.8519,511594696053694.0000,6.989E+13,,1.48167E+14,,,,,1.3978E+13,2.51604E+13,1.3978E+13,3.07516E+13,5.5912E+13,,7.82768E+13,7.54812E+13
65750060.1491,9.5277,493988114892126.0000,8.8329E+13,,1.11229E+14,,,,,2.29001E+13,9.81433E+12,1.30858E+13,2.9443E+13,6.21574E+13,,6.87003E+13,8.8329E+13
65750060.1491,8.6318,545257969785380.0000,5.2555E+13,,1.47811E+14,,,,,9.85406E+12,1.97081E+13,6.56937E+12,3.94162E+13,6.2409E+13,,9.19712E+13,1.14964E+14
65750060.1491,8.5985,547370041066069.0000,5.50609E+13,,1.42511E+14,,,,,2.26721E+13,1.61944E+13,2.26721E+13,4.53443E+13,4.21054E+13,,9.71663E+13,1.03644E+14
65750060.1491,8.0952,581401109603186.0000,7.83912E+13,,1.60049E+14,,,,,6.5326E+12,1.95978E+13,2.28641E+13,4.57282E+13,5.87934E+13,,8.16575E+13,1.07788E+14
65750060.1491,7.5605,622521853964688.0000,7.24629E+13,,1.77863E+14,,,,,2.63501E+13,1.64688E+13,1.64688E+13,1.64688E+13,7.57566E+13,,1.08694E+14,1.11988E+14
65750060.1491,7.0222,670242360463595.0000,8.82758E+13,,2.19055E+14,,,,,2.94253E+13,1.96168E+13,2.94253E+13,3.92337E+13,6.212E+13,,9.15453E+13,9.15453E+13
65750060.1491,6.4549,729143559985044.0000,7.84728E+13,,1.79834E+14,,,,,9.80911E+12,2.28879E+13,3.92364E+13,6.21243E+13,8.8282E+13,,1.40597E+14,1.079E+14
65750060.1491,6.5692,716465417579846.0000,7.13223E+13,,1.97757E+14,,,,,1.29677E+13,1.94515E+13,2.26935E+13,6.15966E+13,1.06984E+14,,1.005E+14,1.23193E+14
65750060.1491,6.5791,715385730892253.0000,6.98749E+13,,2.26262E+14,,,,,2.6619E+13,3.66011E+13,,5.3238E+13,5.98928E+13,,9.64939E+13,1.46405E+14
65750060.1491,7.5308,624980098356889.0000,8.05387E+13,,1.38527E+14,,,,,1.93293E+13,2.25508E+13,,4.18801E+13,6.76525E+13,,1.41748E+14,1.12754E+14
86933017.7712,8.8550,660733400143273.0000,1.05393E+14,,1.66197E+14,,,,,4.05358E+12,2.02679E+13,8.10716E+12,7.29644E+13,6.08037E+13,,1.29715E+14,9.32323E+13
86933017.7712,8.0531,772737077353523.0000,9.92902E+13,,2.46067E+14,,,,,1.29509E+13,1.72679E+13,1.72679E+13,6.90715E+13,6.04375E+13,,1.29509E+14,1.20875E+14
86933017.7712,7.7504,802918511547564.0000,8.24619E+13,,2.30025E+14,,,,,1.30203E+13,3.03807E+13,1.30203E+13,4.77411E+13,6.94416E+13,,1.77944E+14,1.38883E+14
86933017.7712,9.8852,629519399764313.0000,7.38057E+13,,1.69319E+14,,,,,1.30245E+13,4.34151E+12,3.90736E+13,6.07812E+13,6.51227E+13,,9.98548E+13,1.04196E+14
86933017.7712,9.2349,673844924515411.0000,6.43801E+13,,1.97432E+14,,,,,1.2876E+13,1.2876E+13,1.2876E+13,6.86721E+13,3.86281E+13,,1.11592E+14,1.54512E+14
86933017.7712,7.0943,877165770449640.0000,9.50623E+13,,2.72224E+14,,,,,2.16051E+13,8.64203E+12,2.59261E+13,5.61732E+13,6.04942E+13,,1.77162E+14,1.59878E+14
86933017.7712,7.5266,826787124683144.0000,9.09033E+13,,2.77039E+14,,,,,2.59724E+13,2.16436E+13,3.03011E+13,3.46298E+13,9.09033E+13,,1.34191E+14,1.21204E+14
86933017.7712,7.2071,863443298305757.0000,9.49788E+13,,2.59033E+14,,,,,8.63443E+12,3.88549E+13,1.29516E+13,8.63443E+13,1.16565E+14,,1.38151E+14,1.0793E+14
86933017.7712,6.7050,928098514896507.0000,6.53591E+13,,3.3551E+14,,,,,3.92154E+13,8.71454E+12,3.48582E+13,6.10018E+13,8.71454E+13,,1.52504E+14,1.4379E+14
86933017.7712,7.1257,873300445167370.0000,5.13706E+13,,3.16785E+14,,,,,1.28427E+13,2.56853E+13,3.8528E+13,5.99324E+13,7.2775E+13,,1.79797E+14,1.15584E+14
112628548.6663,6.5668,950198582118973.0000,6.53806E+13,,3.39979E+14,,,,,1.74348E+13,2.61523E+13,3.92284E+13,6.10219E+13,1.39479E+14,,1.30761E+14,1.30761E+14
112628548.6663,7.9795,1010376586938630.0000,5.58219E+13,,4.52157E+14,,,,,1.67466E+13,1.67466E+13,1.11644E+13,4.46575E+13,8.93151E+13,,1.84212E+14,1.39555E+14
112628548.6663,9.3547,861845433091819.0000,8.3946E+13,,2.96609E+14,,,,,2.23856E+13,3.35784E+13,2.23856E+13,3.91748E+13,1.00735E+14,,1.3991E+14,1.23121E+14
112628548.6663,8.0551,1000886952424000.0000,1.00648E+14,,3.52267E+14,,,,,3.91408E+13,3.91408E+13,2.79577E+13,8.94648E+13,4.47324E+13,,1.50972E+14,1.56563E+14
112628548.6663,8.7182,924764557576811.0000,8.40695E+13,,2.80232E+14,,,,,1.68139E+13,2.24185E+13,3.36278E+13,7.84649E+13,9.52788E+13,,1.84953E+14,1.28907E+14
112628548.6663,7.6035,1060334878777140.0000,7.25492E+13,,3.51585E+14,,,,,4.46457E+13,2.79035E+13,2.79035E+13,1.00453E+14,5.02264E+13,,2.06486E+14,1.78583E+14
112628548.6663,7.1977,1120122106974270.0000,1.00811E+14,,3.92043E+14,,,,,1.12012E+13,1.68018E+13,1.12012E+13,7.28079E+13,1.17613E+14,,2.18424E+14,1.7922E+14
112628548.6663,7.5976,1061156857356740.0000,7.86042E+13,,3.93021E+14,,,,,3.36875E+13,3.93021E+13,5.61459E+12,5.05313E+13,7.29896E+13,,2.47042E+14,1.40365E+14
112628548.6663,7.0567,1142506043315130.0000,1.06934E+14,,3.99596E+14,,,,,4.50249E+13,3.37687E+13,1.12562E+13,6.19092E+13,1.46331E+14,,1.51959E+14,1.85728E+14
112628548.6663,6.8894,1170247977729190.0000,8.91618E+13,,3.67792E+14,,,,,2.22904E+13,5.01535E+13,1.67178E+13,6.12987E+13,1.95041E+14,,2.45195E+14,1.22597E+14
112628548.6663,6.7984,1185901496611730.0000,1.11877E+14,,4.64292E+14,,,,,5.03449E+13,3.35632E+13,5.59387E+12,5.59387E+13,1.7341E+14,,1.62222E+14,1.28659E+14
148819199.8051,6.8544,1313811533762910.0000,1.21177E+14,,3.95419E+14,,,,,5.10218E+13,3.82664E+13,1.27555E+13,8.92882E+13,3.18886E+14,,1.91332E+14,9.56659E+13
148819199.8051,9.0368,1178830603851650.0000,1.30981E+14,,3.71113E+14,,,,,2.91069E+13,2.91069E+13,1.45535E+13,5.82139E+13,2.25579E+14,,2.18302E+14,1.01874E+14
148819199.8051,8.1115,1313304707552690.0000,8.11593E+13,,4.42687E+14,,,,,2.95125E+13,3.68906E+13,2.21343E+13,7.37812E+13,2.43478E+14,,2.13965E+14,1.69697E+14
148819199.8051,8.0890,1316963232917960.0000,1.5625E+14,,3.94345E+14,,,,,7.44047E+12,7.44047E+13,2.23214E+13,2.97619E+13,2.75297E+14,,2.08333E+14,1.48809E+14
148819199.8051,8.5201,1250325198211370.0000,1.25033E+14,,3.97162E+14,,,,,2.20646E+13,4.41291E+13,7.35485E+12,8.82582E+13,2.05936E+14,,2.4271E+14,1.17678E+14
148819199.8051,8.8472,1204092367349710.0000,1.40354E+14,,2.28999E+14,,,,,5.17095E+13,4.43224E+13,1.47741E+13,5.90966E+13,3.10257E+14,,1.92064E+14,1.62516E+14
148819199.8051,7.7053,1382532473750380.0000,1.10898E+14,,3.54875E+14,,,,,8.13254E+13,6.6539E+13,1.47864E+13,8.13254E+13,2.2919E+14,,2.95729E+14,1.47864E+14
148819199.8051,7.5202,1416578559895270.0000,1.26083E+14,,3.85665E+14,,,,,8.15831E+13,2.96666E+13,2.22499E+13,8.89997E+13,2.66999E+14,,2.89249E+14,1.26083E+14
148819199.8051,7.2506,1469245779695190.0000,6.64483E+13,,4.50372E+14,,,,,8.12146E+13,1.47663E+13,2.21494E+13,8.12146E+13,2.28877E+14,,3.39625E+14,1.84579E+14
148819199.8051,7.9923,1332892099034450.0000,5.18347E+13,,5.55372E+14,,,,,3.70248E+13,5.92396E+13,2.22149E+13,6.66446E+13,1.40694E+14,,2.22149E+14,1.77719E+14
148819199.8051,6.5849,1617768272696850.0000,1.47741E+14,,4.43224E+14,,,,,6.64836E+13,1.55128E+14,,1.03419E+14,2.88096E+14,,2.14225E+14,1.99451E+14
189281249.2810,7.7631,1513426225359600.0000,6.54455E+13,,4.25395E+14,,,,,1.1453E+14,8.99875E+13,8.18068E+12,8.99875E+13,2.78143E+14,,2.3724E+14,2.04517E+14
189281249.2810,9.2644,1462506567072100.0000,7.50003E+13,,4.12502E+14,,,,,6.56253E+13,1.03125E+14,4.68752E+13,1.12501E+14,2.53126E+14,,2.53126E+14,1.40626E+14
189281249.2810,8.2973,1632972862070780.0000,1.31855E+14,,4.05708E+14,,,,,1.5214E+14,6.08561E+13,1.01427E+13,1.31855E+14,3.34709E+14,,2.23139E+14,1.82568E+14
189281249.2810,8.6066,1574287475502160.0000,7.91541E+13,,5.10104E+14,,,,,5.27694E+13,1.23129E+14,2.63847E+13,6.15643E+13,2.55052E+14,,3.16616E+14,1.49513E+14
189281249.2810,7.4657,1814867750460410.0000,6.61671E+13,,5.86051E+14,,,,,8.50719E+13,1.32334E+14,9.45244E+12,1.60691E+14,3.40288E+14,,2.93026E+14,1.41787E+14
189281249.2810,7.7523,1747765899879040.0000,1.22816E+14,,4.53474E+14,,,,,6.61317E+13,8.50264E+13,3.77895E+13,1.22816E+14,3.49553E+14,,3.77895E+14,1.32263E+14
189281249.2810,6.7680,2001964878854390.0000,2.80649E+13,,5.80009E+14,,,,,1.3097E+14,1.21615E+14,,1.4968E+14,4.49039E+14,,4.02264E+14,1.40325E+14
189281249.2810,6.5328,2074036910420570.0000,1.59541E+14,,4.88009E+14,,,,,1.22002E+14,2.1585E+14,1.87696E+13,1.40772E+14,4.03546E+14,,4.317E+14,9.38478E+13
189281249.2810,5.7719,2347469263000020.0000,9.38988E+13,,6.29122E+14,,,,,1.12679E+14,1.59628E+14,2.81696E+13,1.69018E+14,4.69494E+14,,4.88274E+14,1.97187E+14
189281249.2810,5.5238,2452870556632040.0000,1.50946E+14,,6.32086E+14,,,,,7.54729E+13,1.32078E+14,3.77365E+13,1.6038E+14,5.00008E+14,,5.56613E+14,2.07551E+14
267731249.4824,6.8757,2289517025937370.0000,5.45123E+13,,5.88733E+14,,,,,1.85342E+14,1.96244E+14,2.18049E+13,1.41732E+14,3.92489E+14,,4.68806E+14,2.39854E+14
267731249.4824,8.5301,2246733344575820.0000,1.21081E+14,,5.785E+14,,,,,1.21081E+14,2.82523E+14,1.34535E+13,1.88349E+14,2.82523E+14,,4.30512E+14,2.28709E+14
267731249.4824,7.5355,2543287175796170.0000,1.19217E+14,,5.96083E+14,,,,,1.32463E+14,2.64926E+14,2.64926E+13,1.19217E+14,3.84142E+14,,6.75561E+14,2.25187E+14
267731249.4824,6.3768,3005403321812200.0000,1.34771E+14,,8.76014E+14,,,,,2.15634E+14,2.56066E+14,5.39086E+13,2.15634E+14,5.25609E+14,,5.6604E+14,1.61726E+14
267731249.4824,7.3451,2609230275578100.0000,7.86703E+13,,8.39149E+14,,,,,1.04894E+14,2.88458E+14,5.24468E+13,2.36011E+14,3.54016E+14,,5.11357E+14,1.44229E+14
267731249.4824,6.8417,2801194452479100.0000,2.65516E+13,,7.43445E+14,,,,,1.5931E+14,2.65516E+14,5.31032E+13,1.85861E+14,5.17756E+14,,5.31032E+14,3.18619E+14
267731249.4824,5.8729,3263271502546370.0000,5.32779E+13,,7.05932E+14,,,,,1.99792E+14,4.52862E+14,3.99584E+13,3.06348E+14,5.32779E+14,,7.05932E+14,2.6639E+14
267731249.4824,6.4848,2955380149583340.0000,1.33728E+13,,8.02366E+14,,,,,1.60473E+14,3.34319E+14,1.33728E+13,3.20946E+14,5.48283E+14,,6.2852E+14,1.33728E+14
267731249.4824,6.7279,2848575256809620.0000,1.32492E+13,,8.47948E+14,,,,,1.19243E+14,2.51735E+14,2.64984E+13,2.78233E+14,5.16718E+14,,5.43217E+14,2.51735E+14
267731249.4824,6.1262,3128373629602000.0000,1.33122E+13,,8.78607E+14,,,,,1.73059E+14,2.79557E+14,7.98734E+13,3.32806E+14,4.7924E+14,,5.9905E+14,2.92869E+14
390928787.6381,7.9220,3373392435614600.0000,,,8.71151E+14,,,,,2.22421E+14,3.15097E+14,1.85351E+13,4.26308E+14,3.89238E+14,,7.5994E+14,3.70702E+14
390928787.6381,8.0354,3482569155002550.0000,,,1.16734E+15,,,,,1.94557E+14,4.28025E+14,3.89114E+13,9.72785E+13,4.0857E+14,,8.56051E+14,2.91835E+14
390928787.6381,8.2130,3407273211244010.0000,,,9.15096E+14,,,,,1.94701E+14,4.47813E+14,1.94701E+13,1.94701E+14,4.86753E+14,,9.34566E+14,2.14171E+14
390928787.6381,8.9432,3129045684878930.0000,,,8.40931E+14,,,,,1.76009E+14,2.93348E+14,1.95565E+13,1.95565E+14,5.28026E+14,,7.62705E+14,3.12905E+14
390928787.6381,7.4637,3749328826845100.0000,,,1.40359E+15,,,,,2.69183E+14,4.80683E+14,7.69093E+13,2.11501E+14,4.23001E+14,,5.7682E+14,3.07637E+14
390928787.6381,6.8183,4104200203102150.0000,,,1.28378E+15,,,,,2.33414E+14,4.8628E+14,1.94512E+13,2.33414E+14,7.39145E+14,,8.1695E+14,2.91768E+14
390928787.6381,6.9064,4051854957047820.0000,,,1.20776E+15,,,,,2.14281E+14,4.87002E+14,1.94801E+13,1.75321E+14,6.03882E+14,,1.09088E+15,2.53241E+14
390928787.6381,7.0956,3943805443203320.0000,,,1.07381E+15,,,,,2.34285E+14,5.07619E+14,3.90476E+13,4.1E+14,4.1E+14,,8.59047E+14,4.1E+14
390928787.6381,7.5542,3704415571915070.0000,,,1.11904E+15,,,,,1.92938E+14,5.78815E+14,1.92938E+13,1.92938E+14,5.0164E+14,,8.29635E+14,2.70114E+14
390928787.6381,7.3726,3795619520104900.0000,,,8.95377E+14,,,,,1.75182E+14,7.20194E+14,3.89294E+13,2.53041E+14,5.64477E+14,,7.78589E+14,3.6983E+14
510929738.0162,8.1459,3623202276085180.0000,,,1.2702E+15,,,,,1.45761E+14,5.20575E+14,,2.70699E+14,5.83044E+14,,6.03867E+14,2.29053E+14
510929738.0162,8.8140,4149505481366990.0000,,,1.14557E+15,,,,,2.54571E+14,5.85513E+14,,2.03657E+14,5.09142E+14,,9.67369E+14,4.83685E+14
510929738.0162,10.1696,3596396952233360.0000,,,7.49249E+14,,,,,3.4965E+14,6.24374E+14,7.49249E+13,1.998E+14,5.24475E+14,,8.74124E+14,1.998E+14
510929738.0162,10.7057,3416283117487870.0000,,,9.17807E+14,,,,,3.05936E+14,5.09893E+14,1.52968E+14,2.29452E+14,1.78463E+14,,8.41323E+14,2.80441E+14
510929738.0162,9.7819,3738935153855110.0000,,,1.38947E+15,,,,,2.02105E+14,2.02105E+14,,2.77894E+14,3.2842E+14,,9.8526E+14,3.53683E+14
510929738.0162,8.4366,4335107834126400.0000,,,1.34363E+15,,,,,1.77461E+14,6.08436E+14,7.60545E+13,2.53515E+14,6.84491E+14,,7.60545E+14,4.30976E+14
510929738.0162,7.6603,4774433191396220.0000,,,1.63403E+15,,,,,3.31912E+14,6.38293E+14,1.5319E+14,3.06381E+14,4.08508E+14,,8.9361E+14,4.08508E+14
510929738.0162,7.1760,5096712920685670.0000,2.53568E+13,,1.21713E+15,,,,,4.05708E+14,7.35347E+14,1.01427E+14,1.77497E+14,5.32492E+14,,1.52141E+15,3.80352E+14
510929738.0162,8.5601,4272577875622720.0000,,,1.14444E+15,,,,,1.2716E+14,4.83208E+14,7.6296E+13,4.06912E+14,6.10368E+14,,1.09358E+15,3.30616E+14
510929738.0162,7.8340,4668612626643340.0000,,,1.37762E+15,,,,2.55115E+13,3.82673E+14,7.14323E+14,1.27558E+14,3.3165E+14,4.33696E+14,,9.69439E+14,3.06139E+14
510929738.0162,8.7291,4189859924378500.0000,,,8.83404E+14,,,,,3.53362E+14,5.30043E+14,,2.77641E+14,6.05763E+14,,1.13581E+15,4.03842E+14
510929738.0162,7.4186,4929982096448840.0000,2.54123E+13,,1.27061E+15,,,,,2.28711E+14,5.33658E+14,2.54123E+13,2.79535E+14,6.86132E+14,,1.39768E+15,4.82833E+14
609482679.8884,7.6799,5058573663927780.0000,,,1.38703E+15,,,,,2.71966E+14,6.25523E+14,5.43933E+13,1.6318E+14,7.88702E+14,,1.41422E+15,3.53556E+14
609482679.8884,9.1279,4779691184210940.0000,,,1.22556E+15,,,,,3.98308E+14,4.90225E+14,6.12781E+13,3.67669E+14,5.82142E+14,,1.07237E+15,5.82142E+14
609482679.8884,9.0650,4812842780392660.0000,,,1.31531E+15,,,,,3.58721E+14,3.88615E+14,2.09254E+14,4.18508E+14,6.27762E+14,,1.22563E+15,2.69041E+14
609482679.8884,8.8587,4924906976324670.0000,,,1.02102E+15,,,,,2.70269E+14,7.80778E+14,6.00598E+13,2.40239E+14,6.90688E+14,,1.14114E+15,7.20718E+14
609482679.8884,9.5907,4549054945083610.0000,3.0327E+13,,1.15243E+15,,,,,2.12289E+14,4.85233E+14,9.09811E+13,2.42616E+14,7.88503E+14,,1.00079E+15,5.45887E+14
609482679.8884,8.3804,5205996421929710.0000,,,1.69498E+15,,,,,2.42139E+14,5.75081E+14,9.08023E+13,2.11872E+14,6.35616E+14,,1.3015E+15,4.54011E+14
609482679.8884,8.4152,5184486400557060.0000,,,1.37236E+15,,,,,2.74473E+14,7.01431E+14,3.0497E+13,4.57455E+14,7.92921E+14,,1.28087E+15,2.74473E+14
609482679.8884,8.6236,5059187974100010.0000,,,1.44548E+15,,,,,1.50571E+14,4.21599E+14,1.50571E+14,2.71028E+14,5.7217E+14,,1.56594E+15,4.81827E+14
609482679.8884,8.3127,5248400838196370.0000,,,1.42587E+15,,,,,3.03376E+14,5.76414E+14,1.51688E+14,2.73038E+14,6.97764E+14,,1.51688E+15,3.03376E+14
609482679.8884,8.9551,4871893438503450.0000,,,1.53204E+15,,,,,3.06408E+14,4.90253E+14,1.22563E+14,3.06408E+14,5.82176E+14,,1.07243E+15,4.59613E+14
609482679.8884,8.3948,5197084104806300.0000,,,1.74238E+15,,,,,1.50205E+14,6.00819E+14,,3.00409E+14,7.20983E+14,,1.50205E+15,1.80246E+14
609482679.8884,7.9370,5496834889616720.0000,,,1.30588E+15,,,,,3.64431E+14,4.2517E+14,1.51846E+14,4.85908E+14,6.68124E+14,,1.51846E+15,5.77016E+14
707408283.0515,8.3372,5446837928100180.0000,,,1.6372E+15,,,,,4.093E+14,5.35238E+14,9.44538E+13,3.14846E+14,7.87115E+14,,1.10196E+15,5.66723E+14
707408283.0515,7.7048,6572274836843800.0000,,,1.90447E+15,,,,,1.4937E+14,5.60137E+14,2.61397E+14,4.10767E+14,9.70904E+14,,2.05384E+15,2.61397E+14
707408283.0515,7.8468,6453403454224740.0000,,,1.88638E+15,,,,,1.98566E+14,5.62604E+14,1.65472E+14,4.63321E+14,8.60454E+14,,1.88638E+15,4.30227E+14
707408283.0515,9.0594,5589560843943280.0000,,,1.65226E+15,,,,,3.51545E+14,5.97626E+14,1.40618E+14,2.81236E+14,7.73398E+14,,1.44133E+15,3.51545E+14
707408283.0515,7.1898,7043117958727570.0000,,,1.5847E+15,,,,,4.22587E+14,8.09959E+14,2.46509E+14,4.93018E+14,9.15605E+14,,2.11294E+15,4.57803E+14
707408283.0515,8.3120,6092195452058420.0000,,,1.81697E+15,,,,,4.27522E+14,8.19418E+14,7.12537E+13,2.85015E+14,7.83791E+14,,1.60321E+15,2.85015E+14
707408283.0515,8.5293,5936967377859150.0000,,,1.71124E+15,,,,,3.1431E+14,5.93697E+14,1.39693E+14,1.39693E+14,9.4293E+14,,1.6414E+15,4.54003E+14
707408283.0515,6.9421,7294405988782440.0000,,,2.03402E+15,,,,,3.15623E+14,9.4687E+14,3.15623E+14,5.61108E+14,9.81939E+14,,1.71839E+15,4.20831E+14
707408283.0515,7.4215,6823226853566240.0000,,,1.39964E+15,,,,,3.849E+14,1.08472E+15,2.79927E+14,7.34809E+14,9.79745E+14,,1.36465E+15,5.94845E+14
707408283.0515,7.3718,6869189691849400.0000,,,1.97269E+15,,,,,4.22719E+14,7.74986E+14,4.57946E+14,3.87493E+14,6.34079E+14,,1.54997E+15,6.69306E+14
707408283.0515,8.1527,6211262342030880.0000,,,1.58811E+15,,,,,4.23495E+14,7.76408E+14,2.11748E+14,2.8233E+14,6.70534E+14,,1.94102E+15,3.17621E+14
908350862.4370,7.4279,7472921759567010.0000,,,2.10176E+15,,,,,3.50293E+14,6.22743E+14,2.33529E+14,5.83822E+14,9.73037E+14,,2.14068E+15,4.67058E+14
908350862.4370,8.8278,7365646156312920.0000,4.46403E+13,,1.91953E+15,,,,,4.91043E+14,8.03525E+14,3.12482E+14,3.57122E+14,6.69604E+14,,2.27665E+15,4.91043E+14
908350862.4370,8.8101,7380406570523850.0000,,,2.17337E+15,,,,,4.98064E+14,8.15014E+14,2.26393E+14,3.62229E+14,9.5085E+14,,1.99226E+15,3.62229E+14
908350862.4370,8.3091,7825431208665550.0000,,,1.93387E+15,,,,,4.04764E+14,9.89422E+14,3.14816E+14,2.24869E+14,7.64554E+14,,2.60848E+15,5.84659E+14
908350862.4370,7.2899,8919504584051080.0000,,,2.1623E+15,,,,,4.5048E+14,1.2163E+15,7.65816E+14,5.85624E+14,9.91056E+14,,2.1623E+15,5.85624E+14
908350862.4370,8.1307,7997135924404640.0000,,,1.76208E+15,,,,,4.96997E+14,9.48813E+14,3.16271E+14,6.32542E+14,9.03631E+14,,2.34944E+15,5.8736E+14
908350862.4370,7.1395,9107439858999100.0000,,,2.58271E+15,,,,,4.07796E+14,8.60902E+14,4.07796E+14,4.53106E+14,9.06213E+14,,2.85457E+15,6.34349E+14
908350862.4370,7.0709,9195711546542910.0000,,,2.89914E+15,,,,,3.62393E+14,1.04188E+15,4.07692E+14,5.43589E+14,1.40427E+15,,2.17436E+15,3.62393E+14
908350862.4370,7.2877,8922210104517840.0000,,,2.73495E+15,,,,,5.38023E+14,5.82858E+14,4.93187E+14,4.48352E+14,8.51869E+14,,2.46594E+15,8.07034E+14
908350862.4370,6.3628,10219198390408400.0000,,,3.12002E+15,,,,,4.97395E+14,1.13044E+15,6.78265E+14,3.61742E+14,1.08522E+15,,2.75828E+15,5.8783E+14
908350862.4370,8.0858,8041572444855620.0000,,,1.80709E+15,,,,,1.35532E+14,9.03547E+14,5.87306E+14,4.96951E+14,7.68015E+14,,2.84617E+15,4.96951E+14
1180923195.2580,8.8418,8642346354559370.0000,,,2.41556E+15,,,,,4.29433E+14,9.66225E+14,5.90471E+14,2.68396E+14,1.07358E+15,,2.63028E+15,2.68396E+14
1180923195.2580,8.6220,9804436603793530.0000,,,2.61065E+15,,,,,6.38159E+14,1.04426E+15,3.48087E+14,6.38159E+14,1.16029E+15,,3.01675E+15,3.48087E+14
1180923195.2580,8.3827,10084255141619900.0000,,,2.53581E+15,,,,,7.07667E+14,8.25612E+14,9.43556E+14,4.12806E+14,1.00253E+15,,3.00758E+15,6.48695E+14
1180923195.2580,8.4312,10026347248395800.0000,,,1.95781E+15,,,,,3.55965E+14,1.42386E+15,4.7462E+14,6.52602E+14,1.36453E+15,,3.44099E+15,3.55965E+14
1180923195.2580,9.0252,9366409728592870.0000,,,2.25488E+15,,,,,2.89087E+14,9.82895E+14,8.09443E+14,4.04721E+14,5.20356E+14,,3.52686E+15,5.78173E+14
1180923195.2580,7.9507,10632188597496000.0000,,,2.71711E+15,,,,,5.31609E+14,8.86016E+14,1.24042E+15,7.08813E+14,9.45083E+14,,2.95339E+15,6.49745E+14
1180923195.2580,7.7781,10868206317697400.0000,,,2.89425E+15,,,,,4.13464E+14,1.24039E+15,1.18133E+15,8.26929E+14,1.24039E+15,,2.77612E+15,2.95332E+14
1180923195.2580,9.6001,8805499651718810.0000,,,2.58295E+15,,,,,7.63143E+14,6.45737E+14,7.0444E+14,2.93517E+14,5.2833E+14,,2.93517E+15,3.5222E+14
1180923195.2580,8.6885,9729395437966830.0000,,,1.67948E+15,,,,,1.15826E+14,1.332E+15,1.21617E+15,6.37044E+14,1.38991E+15,,3.12731E+15,2.31652E+14
1180923195.2580,8.3250,10154265966587700.0000,,,2.4652E+15,,,,,4.10866E+14,1.34999E+15,8.80428E+14,6.45647E+14,1.58477E+15,,2.52389E+15,2.93476E+14
1180923195.2580,7.7500,10907583876819400.0000,,,3.49754E+15,,,,,2.96402E+14,1.54129E+15,8.89205E+14,5.92803E+14,9.48486E+14,,2.37121E+15,7.70645E+14
